{
  "project_info": {
    "project_number": "286298850323",
    "firebase_url": "https://besafeapp-7a6a5-default-rtdb.firebaseio.com",
    "project_id": "besafeapp-7a6a5",
    "storage_bucket": "besafeapp-7a6a5.appspot.com"
  },
  "client": [
    {
      "client_info": {
        "mobilesdk_app_id": "1:286298850323:android:ac678b84b8a8ea64e36be6",
        "android_client_info": {
          "package_name": "com.firstapp.besafeapp"
        }
      },
      "oauth_client": [
        {
          "client_id": "286298850323-nq4jibdl9t2p89ubd50mnov8otq0j3mc.apps.googleusercontent.com",
          "client_type": 3
        }
      ],
      "api_key": [
        {
          "current_key": "AIzaSyDEIAUJOdHWVZdOTFbVNepE2hYP5WPmUBQ"
        }
      ],
      "services": {
        "appinvite_service": {
          "other_platform_oauth_client": [
            {
              "client_id": "286298850323-nq4jibdl9t2p89ubd50mnov8otq0j3mc.apps.googleusercontent.com",
              "client_type": 3
            }
          ]
        }
      }
    }
  ],
  "configuration_version": "1"
}